XIMEA code samples list;;;;;;;;;;;;;;;
;;;;;;;;;;;;;;;
Sample name;Author;Tomas_category;Description;Duplicate_group_ID;OS platform;Hardware platform;API type;Programming language;Libraries;Year of last update;Location;Path;Copyright;Note;Done?
Demosaic Sample;Michal Lú?ny;Color / Bayer / color correction;Depacking and demosaicing image from a color camera using CUDA. Render the image to screen and save to .tif;;Linux;Nvidia Jetson;xiAPI;C++;"OpenCV with CUDA and OpenGL; CUDA; Nvidia performance primitives";2025;Application-Samples repo;link;Standard;Can be upgraded with software trigger and faster .tif saving;x
Blinky;Michal Lú?ny;Trigger / GPIO / I/O / strobe;Blinks LED on XEC-NX-3P-X2G3 carrier board;1;Linux;Nvidia Jetson;None;Python;Libgpiod;2026;Application-Samples repo;link;Standard;;x
Bmp280_i2c;Michal Lú?ny;Trigger / GPIO / I/O / strobe;Reads temperature from BMP280 sensor via 3v3 level I2C;2;Linux;Nvidia Jetson;None;Python;Pylibi2c;2026;Application-Samples repo;link;Standard;;x
Bmp280_spi;Michal Lú?ny;Trigger / GPIO / I/O / strobe;Reads temperature from BMP280 sensor via 3v3 level SPI;2;Linux;Nvidia Jetson;None;Python;PySpidev;2026;Application-Samples repo;link;Standard;;x
Polling_button;Michal Lú?ny;Trigger / GPIO / I/O / strobe;Implements debouncing on XEC-NX-3P-X2G3 carrier board button;1;Linux;Nvidia Jetson;None;Python;Libgpiod;2026;Application-Samples repo;link;Standard;;x
Simple_input;Michal Lú?ny;Trigger / GPIO / I/O / strobe;Reads input from XEC-NX-3P-X2G3 carrier board button;1;Linux;Nvidia Jetson;None;Python;Libgpiod;2026;Application-Samples repo;link;Standard;;x
Uart_loopback;Michal Lú?ny;Trigger / GPIO / I/O / strobe;Implements loopback on UART interface of Nvidia Jetson;3;Linux;Nvidia Jetson;None;Python;PySerial;2026;Application-Samples repo;link;Standard;;x
Uart_p2p_jetson;Michal Lú?ny;Trigger / GPIO / I/O / strobe;Communicates via UART interface of nvidia Jetson with USB-to-UART adapter;3;Linux;Nvidia Jetson;None;Python;PySerial;2026;Application-Samples repo;link;Standard;;x
Uart_p2p_pc;Michal Lú?ny;Trigger / GPIO / I/O / strobe;Communicates via USB-to-UART adapter with the UART interface of nvidia Jetson;3;Linux;Cross-platform;None;Python;PySerial;2026;Application-Samples repo;link;Standard;;x
RPI-demosaic;Michal Lú?ny;Color / Bayer / color correction;Implements demosaicing on the ISP of Raspberry Pi Compute Module 5;;Linux;Raspberry Pi;None;C++;Libpisp;2026;Private MichalLuc Github repo;link;Standard;Work in progress;
Gst_nv_recorder;Michal Lú?ny;Save images / video / sequences;Demosaics images from a color camera, records stream into a .mkv file with h265 compression with the use of Gstreamer and Nvidia Jetson hardware accelerators;;Linux;Nvidia Jetson;xiAPI;C++;"Gstreamer; OpenCV with CUDA and OpenGL; Jetson multimedia API";2023;Files;\\files\Public\Jetson\SAMPLES\gst_nv_recorder;Standard;Made for Jetson Xavier with Jetpack 4.6. Can be upgraded and re-worked for Orin;
ffmpeg_shell_recorder;Michal Lú?ny;Save images / video / sequences;Reads images from a color camera, Renders them onto the screen and saves the raw stream into a .avi file;;Linux;Cross-platform;xiAPI;C++;"SDL2; FFmpeg";2022;Files;\\files\Public\Jetson\SAMPLES\ffmpeg_shell_recorder;Standard;Slow and unoptimized code. Main bottleneck is the xiAPI CPU debayering. No compression on the saved video;
Ocv_gpu_camera;Michal Lú?ny;OpenCV integration;Reads images from a camera, normalizes them and applies sobel filter via GPU;;Linux;Cross-platform;xiAPI;C++;" OpenCV with CUDA and OpenGL; ";2022;Files;;Standard;;
Sdl_debayer_camera;Michal Lú?ny;Color / Bayer / color correction;Reads images from a color camera, demosaics them and renders them onto the screen. Records demosaicing duration into a .csv file ;4;Linux;Cross-platform;xiAPI;C++;"SDL2; Nvidia performance primitives";2023;Files;\\files\Public\Jetson\SAMPLES\DEBAYERING_BENCHMARK\XIMU(real)\NPPI_UNIFIED;Standard;Made for demosaicing benchmarking on Nvidia Jetson Xavier NX. Mutations with other demosaicing libraries are available.;
Jetson_api_camera;Michal Lú?ny;Color / Bayer / color correction;Reads images from a color camera, demosaics them and renders them onto the screen.;4;Linux;Nvidia Jetson;xiAPI;C++;"Jetson multimedia api; Nvidia performance primitives";2023;Files;\\files\Projects\Nvidia\Jetson\Sample_programs\WIP\jetson_api_camera;Standard;This is an unfinished sample for rendering using Jetson multimedia API. It should reasonably work. Made for Jetson Xavier NX with Jetpack 4.6. Outdated by now.;
Rgb_tof_fusion;Michal Lú?ny;Stereo / disparity / point cloud / 3D;"Reads data from RGB and AMCW I-ToF cameras, performs depacking, demosaicing, White balance, color correction on the RGB camera; performs depacking, phase shift, amplitude , depth and pointcloud calculation on ToF; fuses RGB and ToF data into colored pointcloud";;Linux;Cross-platform;xiAPI;C++;"OpenCV with CUDA and OpenGL; PCL; CUDA;";2024;Files;\\files\Projects\TOF\rgb_tof_fusion;Standard;Permanent alignment error in the RGB-ToF fusion of about 20 px, I think I now know why ,and it theoretically could be fixed.;
Embedded_world_MU_demosaic;Michal Lú?ny;Color / Bayer / color correction;Depacking, Demosaicing, White balance, color correction using nvidia performance primitives. Also works for mono cameras - skips the color related processings. Render image onto the screen using OpenCV with OpenGL. Single thread only;;Linux;Nvidia Jetson;xiAPI;C++;"OpenCV with CUDA and OpenGL; CUDA; Nvidia performance primitives";2026;demo-apps repo;https://github.com/xiadmin/demo-apps/tree/main/Embedded_world_MU_demosaic;Standard;It was designed with multihreading - multiple cameras, each having its own thread - in mind. Opencv limits this to only one thread, so it would have to be switched to SDL3.;
MultiRecorder;XIMEA;Save images / video / sequences;multirecorder library  (looprecord functionality of xiCamtool) capable of recording images in RAM and SSD as well as remote control of cameras  ;;Cross-Platform;Cross-platform;xiAPI;C++;;2025;Cameras3X;Cameras3.x\Tools\MultiRecorder;Standard;;
MIL;XIMEA;Basic acquisition / image capture;Samples using Matrox Imaging Library.;;Windows;Cross-platform;MIL;C++;MIL;;Samples;Cameras3.x\\Samples\MIL;Standard;;
MultiRecorder_CameraSideProcessing;XIMEA;Save images / video / sequences;MultiRecorder sample/application with camera-side processing.;;;Cross-platform;;C++;;;Samples;Cameras3.x\\Samples\MultiRecorder_CameraSideProcessing;Standard;;
MultirecorderApps;XIMEA;Save images / video / sequences;Applications related to MultiRecorder.;;;Cross-platform;;C++;;;Samples;Cameras3.x\\Samples\MultirecorderApps;Standard;;
Capture-1-image-to-file;XIMEA;Save images / video / sequences;Captures one image and saves it to a file.;;Cross-Platform;Cross-platform;xiAPI;C++;;;Samples;Cameras3.x\\Samples\ProductionTools\Capture-1-image-to-file;Standard;;
Capture-10-concatenated-images-to-file;XIMEA;Save images / video / sequences;Captures 10 images, concatenates them and saves the result to a file.;5;Cross-Platform;Cross-platform;xiAPI;C++;;;Samples;Cameras3.x\\Samples\xiAPI\Capture-10-concatenated-images-to-file;Standard;;
Capture-10-images;XIMEA;Basic acquisition / image capture;Captures 10 images.;6;Cross-Platform;Cross-platform;xiAPI;C++;;;Samples;Cameras3.x\\Samples\xiAPI\Capture-10-images;Standard;;
Capture-10-images-mod;XIMEA;Basic acquisition / image capture;Modified variant of the sample that captures 10 images.;;Cross-Platform;Cross-platform;xiAPI;C++;;;Samples;Cameras3.x\\Samples\xiAPI\Capture-10-images-mod;Standard;;
Capture-10-images-to-file;XIMEA;Save images / video / sequences;Captures 10 images and saves them to file.;5;Cross-Platform;Cross-platform;xiAPI;C++;;;Samples;Cameras3.x\\Samples\xiAPI\Capture-10-images-to-file;Standard;;
Capture-10-images-to-file-mod;XIMEA;Save images / video / sequences;Modified variant of the sample that captures 10 images to file.;;Cross-Platform;Cross-platform;xiAPI;C++;;;Samples;Cameras3.x\\Samples\xiAPI\Capture-10-images-to-file-mod;Standard;;
Capture-10-images-to-ram;XIMEA;Buffering / queue / host memory;Captures 10 images into RAM.;7;Cross-Platform;Cross-platform;xiAPI;C++;;;Samples;Cameras3.x\\Samples\xiAPI\Capture-10-images-to-ram;Standard;;
Capture-50-images-gentl;XIMEA;Buffering / queue / host memory;Captures 50 images using a GenTL-based interface.;;Cross-Platform;Cross-platform;GenTL-hybrid;C++;;;Samples;Cameras3.x\\Samples\xiAPI\Capture-50-images-gentl;Standard;;
Jetson-demosaic-sample;XIMEA;Color / Bayer / color correction;Jetson sample for image depacking, demosaicing and display.;;Linux;Nvidia Jetson;xiAPI;C++;"OpenCV with CUDA and OpenGL; CUDA; Nvidia performance primitives";;Samples;Cameras3.x\\Samples\xiAPI\Jetson-demosaic-sample;Standard;;
xi_ErrorHandle;XIMEA;Feature / parameter control;Demonstrates xiAPI.NET error handling.;8;;Cross-platform;xiAPI.NET;C#;;;Samples;Cameras3.x\\Samples\xiAPI.NET\xi_ErrorHandle;Standard;;
Capture-images;XIMEA;Basic acquisition / image capture;Captures images using xiAPI.NET for .NET 5.;9;Windows;Cross-platform;xiAPI.NET;C#;;;Samples;Cameras3.x\\Samples\xiAPI.NET.5.cs\Capture-images;Standard;.NET 5;
Capture-images;XIMEA;Basic acquisition / image capture;Captures images using xiAPI.NET for .NET 6.;9;Windows;Cross-platform;xiAPI.NET;C#;;;Samples;Cameras3.x\\Samples\xiAPI.NET.6.cs\Capture-images;Standard;.NET 6;
Capture-images;XIMEA;Basic acquisition / image capture;Captures images using xiAPI.NET for .NET 7.;9;Windows;Cross-platform;xiAPI.NET;C#;;;Samples;Cameras3.x\\Samples\xiAPI.NET.7.cs\Capture-images;Standard;.NET 7;
Capture-images;XIMEA;Basic acquisition / image capture;Captures images using xiAPI.NET for .NET Core 2.2.;9;Windows;Cross-platform;xiAPI.NET;C#;;;Samples;Cameras3.x\\Samples\xiAPI.NET.Core.2.2.cs\Capture-images;Standard;.NET Core 2.2;
Capture-images;XIMEA;Basic acquisition / image capture;Captures images using xiAPI.NET for .NET Core 3.1.;9;Windows;Cross-platform;xiAPI.NET;C#;;;Samples;Cameras3.x\\Samples\xiAPI.NET.Core.3.1.cs\Capture-images;Standard;.NET Core 3.1;
Capture-images-offline-processing;XIMEA;Basic acquisition / image capture;Captures images and processes them offline.;10;Windows;Cross-platform;xiAPI.NET;C#;;;Samples;Cameras3.x\\Samples\xiAPI.NET.Framework.4.7.2.cs\Capture-images-offline-processing;Standard;.NET Framework 4.7.2;
Capture-images-to-file;XIMEA;Save images / video / sequences;Captures images and saves them to file.;5;Windows;Cross-platform;xiAPI.NET;C#;;;Samples;Cameras3.x\\Samples\xiAPI.NET.Framework.4.7.2.cs\Capture-images-to-file;Standard;.NET Framework 4.7.2;
Capture-images-to-file-dng;XIMEA;Save images / video / sequences;Captures images and saves them as DNG files.;;Windows;Cross-platform;xiAPI.NET;C#;;;Samples;Cameras3.x\\Samples\xiAPI.NET.Framework.4.7.2.cs\Capture-images-to-file-dng;Standard;.NET Framework 4.7.2;
Display-images-in-window;XIMEA;GUI / live viewer / display;Displays captured images in a window.;;Windows;Cross-platform;xiAPI.NET;C#;;;Samples;Cameras3.x\\Samples\xiAPI.NET.Framework.4.7.2.cs\Display-images-in-window;Standard;.NET Framework 4.7.2;
xi_ErrorHandle;XIMEA;Feature / parameter control;Demonstrates xiAPI.NET error handling.;8;Windows;Cross-platform;xiAPI.NET;C#;;;Samples;Cameras3.x\\Samples\xiAPI.NET.Framework.4.7.2.cs\xi_ErrorHandle;Standard;.NET Framework 4.7.2;
Capture-100-images-to-file;XIMEA;Save images / video / sequences;Captures 100 images and saves them to file.;5;Windows;Cross-platform;xiAPI.NET;VB.NET;;;Samples;Cameras3.x\\Samples\xiAPI.NET.Framework.4.7.2.vb\Capture-100-images-to-file;Standard;VB.NET / .NET Framework 4.7.2;
Capture-10-images;XIMEA;Basic acquisition / image capture;Captures 10 images using xiAPIplus.;6;Cross-Platform;Cross-platform;xiAPIplus;C++;;;Samples;Cameras3.x\\Samples\xiAPIplus\Capture-10-images;Standard;;
Capture-10-images-to-file;XIMEA;Save images / video / sequences;Captures 10 images using xiAPIplus and saves them to file.;5;Cross-Platform;Cross-platform;xiAPIplus;C++;;;Samples;Cameras3.x\\Samples\xiAPIplus\Capture-10-images-to-file;Standard;;
Capture-10-images-to-ram;XIMEA;Buffering / queue / host memory;Captures 10 images into RAM using xiAPIplus.;7;Cross-Platform;Cross-platform;xiAPIplus;C++;;;Samples;Cameras3.x\\Samples\xiAPIplus\Capture-10-images-to-ram;Standard;;
Test-DCR11-cameras-open;XIMEA;Camera enumeration / discover connected cameras;Tests opening DCR11 cameras.;;Cross-Platform;Cross-platform;xiAPIplus;C++;;;Samples;Cameras3.x\\Samples\xiAPIplus\Test-DCR11-cameras-open;Standard;;
Capture-50-images-and-display;XIMEA;OpenCV integration;Captures 50 images and displays them using OpenCV.;11;Cross-Platform;Cross-platform;xiAPIplus;C++;OpenCV;;Samples;Cameras3.x\\Samples\xiAPIplusOpenCV\Capture-50-images-and-display;Standard;;
Capture-50-images-to-video-file;XIMEA;OpenCV integration;Captures 50 images and writes them to a video file using OpenCV.;11;Cross-Platform;Cross-platform;xiAPIplus;C++;OpenCV;;Samples;Cameras3.x\\Samples\xiAPIplusOpenCV\Capture-50-images-to-video-file;Standard;;
Capture-50-images-and-display;XIMEA;OpenCV integration;Captures 50 images and displays them using OpenCV.;11;Cross-Platform;Cross-platform;xiAPIplus;C++;OpenCV;;Samples;Cameras3.x\\Samples\xiAPIplusOpenCV\Capture-50-images-and-display;Standard;;
Capture-50-images-to-video-file;XIMEA;OpenCV integration;Captures 50 images and writes them to a video file using OpenCV.;11;Cross-Platform;Cross-platform;xiAPIplus;C++;OpenCV;;Samples;Cameras3.x\\Samples\xiAPIplusOpenCV\Capture-50-images-to-video-file;Standard;;
Halcon_SWtrigger;XIMEA;Trigger / GPIO / I/O / strobe;HALCON sample for software-triggered image acquisition.;12;Cross-Platform;Cross-platform;HALCON;HDevelop;HALCON;2022;Files;\\files\Public\Support\samples\Halcon\Halcon_SWtrigger.hdev;Standard;;
MO_GPO;XIMEA;Trigger / GPIO / I/O / strobe;HALCON sample demonstrating GPO control.;;Cross-Platform;Cross-platform;HALCON;HDevelop;HALCON;2019;Files;\\files\Public\Support\samples\Halcon\MO_GPO.hdev;Standard;;
Examples - AcquisitionTest_2cams;XIMEA;Multi-camera acquisition;LabVIEW example for acquisition from two cameras.;13;Windows;Cross-platform;LabVIEW;LabVIEW;LabVIEW;2019;Files;\\files\Public\Support\samples\Labview\Examples - AcquisitionTest_2cams.vi;Standard;;
Examples - HWtrig_32bit_2017;XIMEA;Trigger / GPIO / I/O / strobe;LabVIEW example for hardware-triggered acquisition (32-bit / 2017 variant).;12;Windows;Cross-platform;LabVIEW;LabVIEW;LabVIEW;2021;Files;\\files\Public\Support\samples\Labview\Examples - HWtrig_32bit_2017.vi;Standard;;
Examples - ImgParams_exposure;XIMEA;Feature / parameter control;LabVIEW example for image exposure parameter control.;14;Windows;Cross-platform;LabVIEW;LabVIEW;LabVIEW;2018;Files;\\files\Public\Support\samples\Labview\Examples - ImgParams_exposure.vi;Standard;;
Examples_BPC;XIMEA;Flat-field / shading / calibration correction;LabVIEW example related to bad-pixel correction (BPC).;;Windows;Cross-platform;LabVIEW;LabVIEW;LabVIEW;2017;Files;\\files\Public\Support\samples\Labview\Examples_BPC.vi;Standard;;
Examples-AcquisitionTest_2cams;XIMEA;Multi-camera acquisition;LabVIEW example for acquisition from two cameras.;13;Windows;Cross-platform;LabVIEW;LabVIEW;LabVIEW;2019;Files;\\files\Public\Support\samples\Labview\Examples-AcquisitionTest_2cams.vi;Standard;;
Examples-AcquisitionTest_2cams_2014;XIMEA;Multi-camera acquisition;LabVIEW example for two-camera acquisition (2014 variant).;13;Windows;Cross-platform;LabVIEW;LabVIEW;LabVIEW;2020;Files;\\files\Public\Support\samples\Labview\Examples-AcquisitionTest_2cams_2014.vi;Standard;;
Examples-defectCorr;XIMEA;Flat-field / shading / calibration correction;LabVIEW example for defect correction.;;Windows;Cross-platform;LabVIEW;LabVIEW;LabVIEW;2019;Files;\\files\Public\Support\samples\Labview\Examples-defectCorr.vi;Standard;;
Examples-ImgParams_exposure;XIMEA;Feature / parameter control;LabVIEW example for image exposure parameter control.;14;Windows;Cross-platform;LabVIEW;LabVIEW;LabVIEW;2018;Files;\\files\Public\Support\samples\Labview\Examples-ImgParams_exposure.vi;Standard;;
Examples-LUT;XIMEA;Firmware / file access / LUT;LabVIEW example for LUT configuration.;;Windows;Cross-platform;LabVIEW;LabVIEW;LabVIEW;2019;Files;\\files\Public\Support\samples\Labview\Examples-LUT.vi;Standard;;
Examples-SensorReg;XIMEA;Feature / parameter control;LabVIEW example for sensor register access.;;Windows;Cross-platform;LabVIEW;LabVIEW;LabVIEW;2019;Files;\\files\Public\Support\samples\Labview\Examples-SensorReg.vi;Standard;;
Examples-SensorTaps;XIMEA;Feature / parameter control;LabVIEW example for sensor taps configuration.;15;Windows;Cross-platform;LabVIEW;LabVIEW;LabVIEW;2017;Files;\\files\Public\Support\samples\Labview\Examples-SensorTaps.vi;Standard;;
Examples-SWtrigger;XIMEA;Trigger / GPIO / I/O / strobe;LabVIEW example for software-triggered acquisition.;12;Windows;Cross-platform;LabVIEW;LabVIEW;LabVIEW;2020;Files;\\files\Public\Support\samples\Labview\Examples-SWtrigger.vi;Standard;;
U3Vexample_2cams;XIMEA;Multi-camera acquisition;LabVIEW example for two-camera USB3 Vision acquisition.;13;Windows;Cross-platform;LabVIEW;LabVIEW;LabVIEW;2019;Files;\\files\Public\Support\samples\Labview\U3Vexample_2cams.vi;Standard;;
xiLib_SensorTaps;XIMEA;Feature / parameter control;LabVIEW example using xiLib for sensor taps configuration.;15;Windows;Cross-platform;LabVIEW;LabVIEW;xiLib;2017;Files;\\files\Public\Support\samples\Labview\xiLib_SensorTaps.vi;Standard;;
XiPiGl;XIMEA;GUI / live viewer / display;OpenGL example using shaders for debayering and rendering;;Cross-Platform;Cross-platform;xiAPI;C++;OpenGL, GLFW, glew, FreetypeGL, Tracy;2024;GitHub repo;https://github.com/Ximea-GmbH/XiPiGl;Standard;;
nppDemosaic;XIMEA;GUI / live viewer / display;NVIDIA performance primitives for debayering + ImGUI for rendering + Optional MAVLINK integration for Drone demo;;Cross-Platform;Cross-platform(with any Nvidia GPU);xiAPI;C++;CUDA (NPP), OpenGL, glfw, GLEW, libTIFF, GoogleTest, Tracy, imgui;2024;Github repo;https://github.com/Ximea-GmbH/nppDemosaic;Standard;;
xi-gst-viewer;XIMEA;GUI / live viewer / display;Simple viewer based on xi-gst-plugin;16;Cross-Platform;Cross-platform;Gstreamer;Python;Gstreamer, xi-gst-plugin, PyGObject, pycairo;2025;Github repo;https://github.com/Ximea-GmbH/xi-gst-viewer;LGPL-2.1;;
xi-gst-rtsp;XIMEA;GUI / live viewer / display;RTSP server and client based on xi-gst-plugin;16;Server: Cross-Platform, Client: MacOS;Cross-platform;GStreamer;Python;Gstreamer, xi-gst-plugin, PyGObject, pycairo;2025;Github repo;https://github.com/Ximea-GmbH/xi-gst-rtsp;LGPL-2.1;;
Acq_buffer_size.lua;XIMEA;Buffering / queue / host memory;This code sets the camera acquisition buffer size to 200000 and starts the acquisition.;;Cross-Platform;Cross-Platform;xiApi;LUA;;2021;Files;\\files\Public\Support\samples\Lua\Acq_buffer_size.lua;;;
BufferQueueSize.lua;XIMEA;Feature / parameter control;This code retrieves, sets, and prints the buffer queue size parameter for a camera device.;17;Cross-Platform;Cross-Platform;xiApi;LUA;;2022;Files;\\files\Public\Support\samples\Lua\BufferQueueSize.lua;;;
CPUbinning_average.lua;XIMEA;Feature / parameter control;Configures camera parameters for CPU-based binning with vertical averaging and acquires multiple images.;;Cross-Platform;Cross-Platform;xiApi;LUA;;2017;Files;\\files\Public\Support\samples\Lua\CPUbinning_average.lua;;;
CamTool_LUA_error.lua;XIMEA;Basic acquisition / image capture;Sets camera parameters, starts image acquisition, retrieves images, and prints first pixel value and size for each image.;;Cross-Platform;Cross-Platform;xiApi;LUA;;2017;Files;\\files\Public\Support\samples\Lua\CamTool_LUA_error.lua;;;
Cam_test.lua;XIMEA;Basic acquisition / image capture;This code captures and saves camera frames continuously as JPEG image files.;;Cross-Platform;Cross-Platform;xiApi;LUA;;2018;Files;\\files\Public\Support\samples\Lua\Cam_test.lua;;;
Cam_test2.lua;XIMEA;Basic acquisition / image capture;This code sets camera exposure, starts acquisition, and continuously waits for new frames in a loop.;;Cross-Platform;Cross-Platform;xiApi;LUA;;2020;Files;\\files\Public\Support\samples\Lua\Cam_test2.lua;;;
CloseAllViews.lua;XIMEA;GUI / live viewer / display;This Lua script repeatedly closes the currently active view until no views remain open.;;Cross-Platform;Cross-Platform;xiApi;LUA;;2019;Files;\\files\Public\Support\samples\Lua\CloseAllViews.lua;;;
FrameNumber.lua;XIMEA;Basic acquisition / image capture;This code captures images from a camera and saves each frame as a uniquely numbered JPEG file.;;Cross-Platform;Cross-Platform;xiApi;LUA;;2022;Files;\\files\Public\Support\samples\Lua\FrameNumber.lua;;;
Gain.lua;XIMEA;Feature / parameter control;This Lua code sets and prints the gain parameter of a camera using the XI_PRM_GAIN constant.;;Cross-Platform;Cross-Platform;xiApi;LUA;;2019;Files;\\files\Public\Support\samples\Lua\Gain.lua;;;
GetActiveViewId.lua;XIMEA;Feature / parameter control;This sample prints the current active view ID using the app's GetActiveViewId function.;;Cross-Platform;Cross-Platform;xiApi;LUA;;2017;Files;\\files\Public\Support\samples\Lua\GetActiveViewId.lua;;;
ImgAveraging.lua;XIMEA;Basic acquisition / image capture;Starts image acquisition from a camera and captures 150 frames for image processing.;;Cross-Platform;Cross-Platform;xiApi;LUA;;2018;Files;\\files\Public\Support\samples\Lua\ImgAveraging.lua;;;
ImgOverlay.lua;XIMEA;Basic acquisition / image capture;This code captures camera images, processes them by scaling and subtracting, then overlays a fixed image continuously.;;Cross-Platform;Cross-Platform;xiApi;LUA;;2017;Files;\\files\Public\Support\samples\Lua\ImgOverlay.lua;;;
ImgToFile_date.lua;XIMEA;Save images / video / sequences;Captures images from a camera and saves each frame to a file with a timestamped filename.;;Cross-Platform;Cross-Platform;xiApi;LUA;;2022;Files;\\files\Public\Support\samples\Lua\ImgToFile_date.lua;;;
Linearity_graph.lua;XIMEA;Basic acquisition / image capture;This script captures images from a camera, measures their mean intensity, and plots gain values on a graph.;;Cross-Platform;Cross-Platform;xiApi;LUA;;2021;Files;\\files\Public\Support\samples\Lua\Linearity_graph.lua;;;
MultipleROI.lua;XIMEA;Feature / parameter control;This code configures multiple regions of interest on a camera with specific exposure and gain settings.;;Cross-Platform;Cross-Platform;xiApi;LUA;;2018;Files;\\files\Public\Support\samples\Lua\MultipleROI.lua;;;
OneCam_fit.lua;XIMEA;Basic acquisition / image capture;This code captures images at different exposures from a camera and saves them as FITS files in a loop.;;Cross-Platform;Cross-Platform;xiApi;LUA;;2018;Files;\\files\Public\Support\samples\Lua\OneCam_fit.lua;;;
RecordTemperature_graph.lua;XIMEA;GUI / live viewer / display;This script captures temperature sensor data, plots it on a graph, and displays the graph in a new image view.;;Cross-Platform;Cross-Platform;xiApi;LUA;;2021;Files;\\files\Public\Support\samples\Lua\RecordTemperature_graph.lua;;;
RecordTemperature_graphAndFile.lua;XIMEA;GUI / live viewer / display;This script records camera sensor temperature over time, graphs it, saves timestamps to a file, and displays the graph.;;Cross-Platform;Cross-Platform;xiApi;LUA;;2021;Files;\\files\Public\Support\samples\Lua\RecordTemperature_graphAndFile.lua;;;
RecordTemperature_graphAndFile2.lua;XIMEA;Save images / video / sequences;This code records camera temperature data, graphs it, saves timestamps to a file, and displays the graph image.;18;Cross-Platform;Cross-Platform;xiApi;LUA;;2021;Files;\\files\Public\Support\samples\Lua\RecordTemperature_graphAndFile2.lua;;;
RecordTemperature_imgMean_graph.lua;XIMEA;Save images / video / sequences;This code records temperature and image mean data from a camera, graphs it, and saves results to a file.;18;Cross-Platform;Cross-Platform;xiApi;LUA;;2021;Files;\\files\Public\Support\samples\Lua\RecordTemperature_imgMean_graph.lua;;;
SWtrigg10img.lua;XIMEA;Basic acquisition / image capture;This code captures 10 images from a camera, timestamps them, and saves each as a JPG file.;;Cross-Platform;Cross-Platform;xiApi;LUA;;2019;Files;\\files\Public\Support\samples\Lua\SWtrigg10img.lua;;;
SubtractImg.lua;XIMEA;Basic acquisition / image capture;This code loads an image file and sets it as a global image variable named background.;;Cross-Platform;Cross-Platform;xiApi;LUA;;2018;Files;\\files\Public\Support\samples\Lua\SubtractImg.lua;;;
TS_reset.lua;XIMEA;Feature / parameter control;This code sets the timestamp reset source parameter to software for two camera objects.;;Cross-Platform;Cross-Platform;xiApi;LUA;;2020;Files;\\files\Public\Support\samples\Lua\TS_reset.lua;;;
TestAcq.lua;XIMEA;Basic acquisition / image capture;This code stops the acquisition process of the first camera obtained from the cameras module.;;Cross-Platform;Cross-Platform;xiApi;LUA;;2018;Files;\\files\Public\Support\samples\Lua\TestAcq.lua;;;
TimestampsToFile.lua;XIMEA;Save images / video / sequences;This code captures timestamps from camera frames and writes them into a text file.;;Cross-Platform;Cross-Platform;xiApi;LUA;;2021;Files;\\files\Public\Support\samples\Lua\TimestampsToFile.lua;;;
TwoCams.lua;XIMEA;Basic acquisition / image capture;Captures and saves images from two cameras at varying exposure times in a continuous loop.;;Cross-Platform;Cross-Platform;xiApi;LUA;;2017;Files;\\files\Public\Support\samples\Lua\TwoCams.lua;;;
TwoCams_fit.lua;XIMEA;Basic acquisition / image capture;Sets exposure times and captures synchronized images from two cameras, saving them as .fit files with timestamps.;;Cross-Platform;Cross-Platform;xiApi;LUA;;2017;Files;\\files\Public\Support\samples\Lua\TwoCams_fit.lua;;;
TwoCams_jpg.lua;XIMEA;Basic acquisition / image capture;Captures images from two cameras at multiple exposures, then saves them with timestamps and exposure info.;;Cross-Platform;Cross-Platform;xiApi;LUA;;2017;Files;\\files\Public\Support\samples\Lua\TwoCams_jpg.lua;;;
error_print.lua;XIMEA;Basic acquisition / image capture;This code sets camera exposure and continuously captures images in a loop while printing error codes.;;Cross-Platform;Cross-Platform;xiApi;LUA;;2018;Files;\\files\Public\Support\samples\Lua\error_print.lua;;;
minExposure.lua;XIMEA;Basic acquisition / image capture;This code sets a camera's exposure to its minimum value and continuously acquires images.;;Cross-Platform;Cross-Platform;xiApi;LUA;;2018;Files;\\files\Public\Support\samples\Lua\minExposure.lua;;;
output14bit.lua;XIMEA;Basic acquisition / image capture;This Lua code configures a camera for 14-bit raw image capture and prints the first pixel value from multiple frames.;;Cross-Platform;Cross-Platform;xiApi;LUA;;2017;Files;\\files\Public\Support\samples\Lua\output14bit.lua;;;
self_triggering_trick.lua;XIMEA;Trigger / GPIO / I/O / strobe;This code configures a camera for hardware triggering and captures an image with controlled exposure time.;19;Cross-Platform;Cross-Platform;xiApi;LUA;;2024;Files;\\files\Public\Support\samples\Lua\self_triggering_trick.lua;;;
test.lua;XIMEA;GUI / live viewer / display;This Lua script duplicates and closes multiple application views while handling a user message box.;;Cross-Platform;Cross-Platform;xiApi;LUA;;2019;Files;\\files\Public\Support\samples\Lua\test.lua;;;
BufferQueueSize.lua;XIMEA;Feature / parameter control;This code retrieves, sets, and prints the buffer queue size parameter of a camera device.;17;Cross-Platform;Cross-Platform;xiApi;LUA;;2022;Files;\\files\Public\Support\samples\Lua_test\BufferQueueSize.lua;;;
FrameNumber.lua;XIMEA;Save images / video / sequences;This code captures images from a camera and saves them with their frame numbers as filenames.;;Cross-Platform;Cross-Platform;xiApi;LUA;;2022;Files;\\files\Public\Support\samples\Lua_test\FrameNumber.lua;;;
ImgToFile_date.lua;XIMEA;Save images / video / sequences;Captures images continuously from a camera and saves them as dated JPEG files.;;Cross-Platform;Cross-Platform;xiApi;LUA;;2022;Files;\\files\Public\Support\samples\Lua_test\ImgToFile_date.lua;;;
self_triggering_trick.lua;XIMEA;Trigger / GPIO / I/O / strobe;It configures a camera for hardware triggering and captures an image during a specified exposure time.;19;Cross-Platform;Cross-Platform;xiApi;LUA;;2024;Files;\\files\Public\Support\samples\Lua_test\self_triggering_trick.lua;;;
52719ExposureActive.m;XIMEA;Basic acquisition / image capture;This code configures a Gentl camera to capture 50 frames with a set exposure time and triggers grab start.;;Cross-Platform;Cross-Platform;GenTL;MATLAB;;2017;Files;\\files\Public\Support\samples\Matlab\52719ExposureActive.m;;;
ASML_Matlab_GenTL.m;XIMEA;Basic acquisition / image capture;Captures a Bayer-pattern image, separates it into color channels, optionally applies 2x2 binning, and saves them.;;Cross-Platform;Cross-Platform;GenTL;MATLAB;;2025;Files;\\files\Public\Support\samples\Matlab\ASML_Matlab_GenTL.m;;;
Capture_data2.m;XIMEA;Basic acquisition / image capture;This code captures 4096 images from a camera, processes them into uint16 format, and previews each image.;;Cross-Platform;Cross-Platform;GenTL;MATLAB;;2017;Files;\\files\Public\Support\samples\Matlab\Capture_data2.m;;;
ExposureActive_52719.m;XIMEA;Feature / parameter control;This code initializes a video input object, sets camera exposure and line output configurations, and starts video capture.;;Cross-Platform;Cross-Platform;GenTL;MATLAB;;2017;Files;\\files\Public\Support\samples\Matlab\ExposureActive_52719.m;;;
ExposureTime_52790.m;XIMEA;Feature / parameter control;Adjusts and previews different camera exposure times and acquisition frame rates using a video input object.;;Cross-Platform;Cross-Platform;GenTL;MATLAB;;2017;Files;\\files\Public\Support\samples\Matlab\ExposureTime_52790.m;;;
GenTL_Enum_Test.m;XIMEA;Camera enumeration / discover connected cameras;This code enumerates and tests supported video formats for Gentl devices, logging results to a file.;;Cross-Platform;Cross-Platform;GenTL;MATLAB;;2017;Files;\\files\Public\Support\samples\Matlab\GenTL_Enum_Test.m;;;
GenTL_Enum_standAlone.m;XIMEA;Camera enumeration / discover connected cameras;Enumerates Gentl camera devices and tests supported video formats, optionally filtering by serial number.;;Cross-Platform;Cross-Platform;GenTL;MATLAB;;2017;Files;\\files\Public\Support\samples\Matlab\GenTL_Enum_standAlone.m;;;
GenTL_FFC.m;XIMEA;Flat-field / shading / calibration correction;This sample calibrates and applies per-pixel offset and gain corrections to camera images using dark and grey TIFF references.;;Cross-Platform;Cross-Platform;GenTL;MATLAB;;2026;Files;\\files\Public\Support\samples\Matlab\GenTL_FFC.m;;;
GenTL_GetSet_Test.m;XIMEA;Feature / parameter control;This code tests getting and setting all properties of a GenTL video source object multiple times.;;Cross-Platform;Cross-Platform;GenTL;MATLAB;;2017;Files;\\files\Public\Support\samples\Matlab\GenTL_GetSet_Test.m;;;
HWtrigger_MC.m;XIMEA;Basic acquisition / image capture;This code captures and displays 10 hardware-triggered grayscale camera frames using image acquisition toolbox.;;Cross-Platform;Cross-Platform;GenTL;MATLAB;;2017;Files;\\files\Public\Support\samples\Matlab\HWtrigger_MC.m;;;
HighFPS.m;XIMEA;Basic acquisition / image capture;This MATLAB code captures high frame rate video from a camera and calculates the achieved frames per second.;20;Cross-Platform;Cross-Platform;GenTL;MATLAB;;2016;Files;\\files\Public\Support\samples\Matlab\HighFPS.m;;;
Load_raw.m;XIMEA;Basic acquisition / image capture;Loads and reshapes a raw image file for display with intensity range 0 to 255.;;Cross-Platform;Cross-Platform;GenTL;MATLAB;;2016;Files;\\files\Public\Support\samples\Matlab\Load_raw.m;;;
showPreview.m;XIMEA;GUI / live viewer / display;Shows a live preview of images from a camera for a specified number of frames in various formats.;;Cross-Platform;Cross-Platform;GenTL;MATLAB;;2017;Files;\\files\Public\Support\samples\Matlab\ML_xiApiNET_preview\showPreview.m;;;
xiAPINET_allFormats.m;XIMEA;Basic acquisition / image capture;Initializes and configures a XIMEA camera to capture and preview 500 RGB24 format frames.;21;Cross-Platform;Cross-Platform;GenTL;MATLAB;;2017;Files;\\files\Public\Support\samples\Matlab\ML_xiApiNET_preview\xiAPINET_allFormats.m;;;
MQ_GPO.m;XIMEA;Feature / parameter control;This code configures and starts a video input camera with specific exposure and frame rate settings.;;Cross-Platform;Cross-Platform;GenTL;MATLAB;;2019;Files;\\files\Public\Support\samples\Matlab\MQ_GPO.m;;;
MU_GPIO.m;XIMEA;Trigger / GPIO / I/O / strobe;Sets up and configures a hardware-triggered mono camera video input with specific exposure time.;;Cross-Platform;Cross-Platform;GenTL;MATLAB;;2018;Files;\\files\Public\Support\samples\Matlab\MU_GPIO.m;;;
RAW16_to_channels_do_drive_NET.m;XIMEA;Basic acquisition / image capture;This code captures RAW16 images with a camera, extracts and saves separate Bayer pattern color channels as TIFF files.;22;Cross-Platform;Cross-Platform;GenTL;MATLAB;;2025;Files;\\files\Public\Support\samples\Matlab\RAW16_to_channels_do_drive_NET.m;;;
RAW16_to_channels_to_drive_GENTL.m;XIMEA;Basic acquisition / image capture;Captures a raw BayerGB16 image, extracts its four color channels, and saves them as separate TIFF files.;22;Cross-Platform;Cross-Platform;GenTL;MATLAB;;2025;Files;\\files\Public\Support\samples\Matlab\RAW16_to_channels_to_drive_GENTL.m;;;
TestAcquisition.m;XIMEA;Basic acquisition / image capture;Configures a camera to capture 10 frames, retrieves the data, and logs success or error message.;;Cross-Platform;Cross-Platform;GenTL;MATLAB;;2017;Files;\\files\Public\Support\samples\Matlab\TestAcquisition.m;;;
find_mesh2.m;XIMEA;AI / inference / detection / classification;This code applies Gabor filters to an image to detect and extract the largest mesh-like structure.;;Cross-Platform;Cross-Platform;GenTL;MATLAB;;2021;Files;\\files\Public\Support\samples\Matlab\find_mesh2.m;;;
find_mesh3.m;XIMEA;Basic acquisition / image capture;Performs frequency domain filtering to enhance and detect edges in a tiled image reconstruction.;;Cross-Platform;Cross-Platform;GenTL;MATLAB;;2021;Files;\\files\Public\Support\samples\Matlab\find_mesh3.m;;;
find_mesh4_adaptThresh.m;XIMEA;Feature / parameter control;Performs adaptive thresholding on a Fourier-filtered image to create a binary pixel map highlighting mesh features.;;Cross-Platform;Cross-Platform;GenTL;MATLAB;;2021;Files;\\files\Public\Support\samples\Matlab\find_mesh4_adaptThresh.m;;;
showPreview.m;XIMEA;GUI / live viewer / display;Displays and previews images from a camera in MATLAB for multiple frames with different image formats.;;Cross-Platform;Cross-Platform;GenTL;MATLAB;;2019;Files;\\files\Public\Support\samples\Matlab\showPreview.m;;;
simple_fps_test.m;XIMEA;Basic acquisition / image capture;This code captures 500 video frames and calculates the actual frames per second (FPS) acquired.;20;Cross-Platform;Cross-Platform;GenTL;MATLAB;;2018;Files;\\files\Public\Support\samples\Matlab\simple_fps_test.m;;;
simple_fps_test_ROI.m;XIMEA;Basic acquisition / image capture;This code configures a video input object and measures the actual frames per second during acquisition.;20;Cross-Platform;Cross-Platform;GenTL;MATLAB;;2018;Files;\\files\Public\Support\samples\Matlab\simple_fps_test_ROI.m;;;
taylor_ximea_test_script_EDITED.m;XIMEA;Basic acquisition / image capture;This code configures and captures video frames from a camera with auto exposure and gain control.;;Cross-Platform;Cross-Platform;GenTL;MATLAB;;2018;Files;\\files\Public\Support\samples\Matlab\taylor_ximea_test_script_EDITED.m;;;
test2cam_ROI.m;XIMEA;Multi-camera acquisition;Initializes and previews two Ximea camera video streams with specified ROI and frame rates in MATLAB.;;Cross-Platform;Cross-Platform;GenTL;MATLAB;;2017;Files;\\files\Public\Support\samples\Matlab\test2cam_ROI.m;;;
test_data.m;XIMEA;Basic acquisition / image capture;This code captures and displays a single grayscale image from a Gentl camera with a set exposure time.;;Cross-Platform;Cross-Platform;GenTL;MATLAB;;2017;Files;\\files\Public\Support\samples\Matlab\test_data.m;;;
xiAPINET_GetSet.m;XIMEA;Basic acquisition / image capture;This code captures an image from an XIMEA camera using xiApi.NET and displays it in MATLAB.;23;Cross-Platform;Cross-Platform;GenTL;MATLAB;;2017;Files;\\files\Public\Support\samples\Matlab\xiAPINET_GetSet.m;;;
xiAPINET_Matlab_sample.m;XIMEA;GUI / live viewer / display;The sample captures and displays live camera frames with configurable image formats using the XIMEA .NET API in MATLAB.;;Cross-Platform;Cross-Platform;GenTL;MATLAB;;2021;Files;\\files\Public\Support\samples\Matlab\xiAPINET_Matlab_sample.m;;;
xiAPINET_Matlab_sample_color.m;XIMEA;Basic acquisition / image capture;This code captures and previews color images from a XIMEA camera using the xiAPI.NET library in MATLAB.;24;Cross-Platform;Cross-Platform;GenTL;MATLAB;;2022;Files;\\files\Public\Support\samples\Matlab\xiAPINET_Matlab_sample_color.m;;;
xiAPINET_OpenDevBy.m;XIMEA;Basic acquisition / image capture;This code initializes, configures, and captures a single image from an XIMEA xiApi.NET camera.;23;Cross-Platform;Cross-Platform;GenTL;MATLAB;;2020;Files;\\files\Public\Support\samples\Matlab\xiAPINET_OpenDevBy.m;;;
xiAPINET_RAW16.m;XIMEA;GUI / live viewer / display;This code initializes a camera, acquires and displays 500 16-bit monochrome images in real-time.;;Cross-Platform;Cross-Platform;GenTL;MATLAB;;2017;Files;\\files\Public\Support\samples\Matlab\xiAPINET_RAW16.m;;;
xiAPINET_RAW8.m;XIMEA;Basic acquisition / image capture;This code captures and previews 8-bit RAW images from a XIMEA camera using the xiApi.NET library.;24;Cross-Platform;Cross-Platform;GenTL;MATLAB;;2017;Files;\\files\Public\Support\samples\Matlab\xiAPINET_RAW8.m;;;
xiAPINET_allFormats.m;XIMEA;Basic acquisition / image capture;This MATLAB code initializes and controls a XIMEA camera to capture and preview RAW16 image frames.;21;Cross-Platform;Cross-Platform;GenTL;MATLAB;;2019;Files;\\files\Public\Support\samples\Matlab\xiAPINET_allFormats.m;;;
xiAPINET_frameRate.m;XIMEA;Basic acquisition / image capture;This code measures and calculates the frame rate of image acquisition from a XIMEA camera.;;Cross-Platform;Cross-Platform;GenTL;MATLAB;;2021;Files;\\files\Public\Support\samples\Matlab\xiAPINET_frameRate.m;;;
xiAPINETpreview_MONO16_ROI.m;XIMEA;GUI / live viewer / display;This code captures and previews live RGB video feed from a XIMEA camera using MATLAB and .NET API.;;Cross-Platform;Cross-Platform;GenTL;MATLAB;;2017;Files;\\files\Public\Support\samples\Matlab\xiAPINETpreview_MONO16_ROI.m;;;
xiAPINETpreview_RGB24.m;XIMEA;GUI / live viewer / display;This code captures and displays live RGB24 video frames from a connected camera for preview.;;Cross-Platform;Cross-Platform;GenTL;MATLAB;;2017;Files;\\files\Public\Support\samples\Matlab\xiAPINETpreview_RGB24.m;;;
MC_GPI.py;XIMEA;Basic acquisition / image capture;This code captures 100 images from a Ximea camera while reading and printing the GPI port level.;;Cross-Platform;Cross-Platform;xiAPI Python wrapper;Python;ximea;2017;Files;\\files\Public\Support\samples\Python\MC_GPI.py;;;
MC_HWtrigger.py;XIMEA;Basic acquisition / image capture;This code captures and prints metadata and pixel data from 10 images using a Ximea camera.;25;Cross-Platform;Cross-Platform;xiAPI Python wrapper;Python;ximea;2019;Files;\\files\Public\Support\samples\Python\MC_HWtrigger.py;;;
MC_HWtrigger_OCVsaveImg_BlackAndWhite.py;XIMEA;Basic acquisition / image capture;This code captures and saves an image from a XIMEA camera using hardware trigger settings.;25;Cross-Platform;Cross-Platform;xiAPI Python wrapper;Python;cv2, ximea;2017;Files;\\files\Public\Support\samples\Python\MC_HWtrigger_OCVsaveImg_BlackAndWhite.py;;;
MU181_HWtrigger.py;XIMEA;Basic acquisition / image capture;This code captures and prints metadata and pixel data from ten images using a XIMEA camera with hardware trigger.;25;Cross-Platform;Cross-Platform;xiAPI Python wrapper;Python;ximea;2020;Files;\\files\Public\Support\samples\Python\MU181_HWtrigger.py;;;
MX_HWtrigger.py;XIMEA;Trigger / GPIO / I/O / strobe;This code captures and prints metadata for 10 images from a connected Ximea camera using hardware triggering.;19;Cross-Platform;Cross-Platform;xiAPI Python wrapper;Python;ximea;2022;Files;\\files\Public\Support\samples\Python\MX_HWtrigger.py;;;
example_2cameras_SWtrigger.py;XIMEA;Basic acquisition / image capture;This code captures synchronized images with adjustable exposure settings from two cameras triggered by software.;;Cross-Platform;Cross-Platform;xiAPI Python wrapper;Python;time, ximea;2018;Files;\\files\Public\Support\samples\Python\example_2cameras_SWtrigger.py;;;
example_APIskipped.py;XIMEA;Basic acquisition / image capture;This code captures 120 monochrome images from a Ximea camera and measures frame rate and skipped frames.;;Cross-Platform;Cross-Platform;xiAPI Python wrapper;Python;PIL, numpy, time, ximea;2019;Files;\\files\Public\Support\samples\Python\example_APIskipped.py;;;
example_FrameRate_Python3.py;XIMEA;Basic acquisition / image capture;Captures 120 grayscale frames from a camera and calculates the frame rate in frames per second.;20;Cross-Platform;Cross-Platform;xiAPI Python wrapper;Python;PIL, numpy, time, ximea;2018;Files;\\files\Public\Support\samples\Python\example_FrameRate_Python3.py;;;
example_Mono16.py;XIMEA;Basic acquisition / image capture;This code captures and prints 12-bit monochrome images from a connected Ximea camera.;;Cross-Platform;Cross-Platform;xiAPI Python wrapper;Python;ximea;2018;Files;\\files\Public\Support\samples\Python\example_Mono16.py;;;
example_SWtrigger.py;XIMEA;Trigger / GPIO / I/O / strobe;This code captures an image from a Ximea camera using software trigger and prints pixel data.;;Cross-Platform;Cross-Platform;xiAPI Python wrapper;Python;ximea;2022;Files;\\files\Public\Support\samples\Python\example_SWtrigger.py;;;
example_TimestampReset.py;XIMEA;Basic acquisition / image capture;This code captures images from a camera and resets the timestamp source during acquisition.;;Cross-Platform;Cross-Platform;xiAPI Python wrapper;Python;ximea;2019;Files;\\files\Public\Support\samples\Python\example_TimestampReset.py;;;
example_burst_maxQueue.py;XIMEA;Basic acquisition / image capture;This code acquires and processes a burst of images from a XIMEA camera using software trigger.;;Cross-Platform;Cross-Platform;xiAPI Python wrapper;Python;time, ximea;2022;Files;\\files\Public\Support\samples\Python\example_burst_maxQueue.py;;;
example_downsampl.py;XIMEA;Basic acquisition / image capture;This code captures and downsamples ten images from a connected XIMEA camera using binning.;;Cross-Platform;Cross-Platform;xiAPI Python wrapper;Python;ximea;2018;Files;\\files\Public\Support\samples\Python\example_downsampl.py;;;
example_maxQueue.py;XIMEA;Buffering / queue / host memory;This sample configures and captures images from a Ximea camera using a buffer and queue system.;;Cross-Platform;Cross-Platform;xiAPI Python wrapper;Python;time, ximea;2022;Files;\\files\Public\Support\samples\Python\example_maxQueue.py;;;
example_timeout.py;XIMEA;Basic acquisition / image capture;This code captures 10 images from a Ximea camera and prints their pixel data and metadata.;25;Cross-Platform;Cross-Platform;xiAPI Python wrapper;Python;ximea;2019;Files;\\files\Public\Support\samples\Python\example_timeout.py;;;
example_two_cameras.py;XIMEA;Multi-camera acquisition;This code captures images simultaneously from two Ximea cameras and prints their first 10 pixel values.;;Cross-Platform;Cross-Platform;xiAPI Python wrapper;Python;ximea;2018;Files;\\files\Public\Support\samples\Python\example_two_cameras.py;;;
example_two_cameras_burst.py;XIMEA;Multi-camera acquisition;Acquires and processes a burst of 30 frames simultaneously from two XIMEA cameras on the same controller.;;Cross-Platform;Cross-Platform;xiAPI Python wrapper;Python;time, ximea;2022;Files;\\files\Public\Support\samples\Python\example_two_cameras_burst.py;;;
59540-xiApiPlusOcvExample-save-jpg.cpp;XIMEA;Basic acquisition / image capture;Captures 40 images from the first camera, displays them, and saves the first 10 as JPEG files.;;Cross-Platform;Cross-Platform;xiApiPlus;C++;iomanip, iostream, sstream, xiApiPlusOcv;2025;Files;\\files\Public\Support\samples\TS-working\59540-xiApiPlusOcvExample-save-jpg.cpp;;;
59700-multiple_roi-FPS-multi-thread.py;XIMEA;Basic acquisition / image capture;Captures frames from multiple camera regions using a separate thread for high-speed acquisition and displays FPS.;;Cross-Platform;Cross-Platform;xiAPI Python wrapper;Python;threading, time, ximea;2025;Files;\\files\Public\Support\samples\TS-working\59700-multiple_roi-FPS-multi-thread.py;;;
59700-multiple_roi-FPS-single-thread.py;XIMEA;GUI / live viewer / display;Configures multiple camera regions and displays live FPS while capturing images until ESC is pressed.;;Cross-Platform;Cross-Platform;xiAPI Python wrapper;Python;time, ximea;2025;Files;\\files\Public\Support\samples\TS-working\59700-multiple_roi-FPS-single-thread.py;;;
AEAG_ROY.py;XIMEA;Basic acquisition / image capture;This code configures AEAG region of interest and captures one image from a Ximea camera.;;Cross-Platform;Cross-Platform;xiAPI Python wrapper;Python;ximea;2024;Files;\\files\Public\Support\samples\TS-working\AEAG_ROY.py;;;
MC124-multi-exposure-10k.py;XIMEA;Basic acquisition / image capture;This code captures and displays triggered grayscale images with a counter overlay using a XIMEA camera and OpenCV.;;Cross-Platform;Cross-Platform;xiAPI Python wrapper;Python;cv2, ximea;2025;Files;\\files\Public\Support\samples\TS-working\MC124-multi-exposure-10k.py;;;
PositionOfShutterLineCMV12000.cpp;XIMEA;Basic acquisition / image capture;This code captures images and retrieves the shutter line row position from a camera device.;;Cross-Platform;Cross-Platform;xiApiPlus;C++;m3api, memory, stdafx, xiApi;2024;Files;\\files\Public\Support\samples\TS-working\PositionOfShutterLineCMV12000.cpp;;;
example_openCV_video.py;XIMEA;GUI / live viewer / display;Captures video from a XIMEA camera, displays it with elapsed time overlay, and handles keyboard interrupt.;;Cross-Platform;Cross-Platform;xiAPI Python wrapper;Python;cv2, time, ximea;2024;Files;\\files\Public\Support\samples\TS-working\example_openCV_video.py;;;
mc-master-slave.cpp;XIMEA;Trigger / GPIO / I/O / strobe;This code synchronizes image capture between a master and slave camera using software triggering.;;Cross-Platform;Cross-Platform;xiApiPlus;C++;m3api, memory, stdafx, xiApi;2024;Files;\\files\Public\Support\samples\TS-working\mc-master-slave.cpp;;;
save_unmerged_data.py;XIMEA;Save images / video / sequences;This code captures raw 16-bit dual-channel images from a Ximea camera and saves them as TIFF files.;5;Cross-Platform;Cross-Platform;xiAPI Python wrapper;Python;PIL, numpy, ximea;2025;Files;\\files\Public\Support\samples\TS-working\save_unmerged_data.py;;;
unmerged_data-dual-adc.py;XIMEA;Basic acquisition / image capture;Captures dual ADC raw images from a camera, separates channels, and saves each as a 16-bit TIFF file.;;Cross-Platform;Cross-Platform;xiAPI Python wrapper;Python;PIL, numpy, ximea;2025;Files;\\files\Public\Support\samples\TS-working\unmerged_data-dual-adc.py;;;
unmerged_data.py;XIMEA;Basic acquisition / image capture;Captures a RAW16X2 image from a XIMEA camera and saves the two channels as separate TIFF files.;22;Cross-Platform;Cross-Platform;xiAPI Python wrapper;Python;PIL, numpy, ximea;2025;Files;\\files\Public\Support\samples\TS-working\unmerged_data.py;;;
ximea_opencv.py;XIMEA;GUI / live viewer / display;Captures live RGB video from a XIMEA camera and displays it in a resizable OpenCV window.;;Cross-Platform;Cross-Platform;xiAPI Python wrapper;Python;cv2, numpy, ximea;2024;Files;\\files\Public\Support\samples\TS-working\ximea_opencv.py;;;
zoomed_rawimage.py;XIMEA;Basic acquisition / image capture;Captures and saves a sequence of four RGB images from a camera using the Ximea API.;;Cross-Platform;Cross-Platform;xiAPI Python wrapper;Python;cv2, datetime, numpy, os, ximea;2025;Files;\\files\Public\Support\samples\TS-working\zoomed_rawimage.py;;;
IMX541-MC203-black-level-clamping-59929.cpp;XIMEA;Feature / parameter control;This code configures black level clamping registers and captures multiple images to measure pixel intensity averages.;;Cross-Platform;Cross-Platform;xiApiPlus;C++;m3api, memory, stdafx, xiApi;2026;Files;\\files\Public\Support\samples\xiAPI\IMX541-MC203-black-level-clamping-59929.cpp;;;
xiGenTL_swTrigg.cpp;XIMEA;Basic acquisition / image capture;Captures 50 images from a XIMEA camera using mixed xiAPI and GenTL interfaces for streaming.;;Cross-Platform;Cross-Platform;xiApiPlus;C++;chrono, inttypes, m3api, stdio, thread, xiApi, xi_GenTL;2020;Files;\\files\Public\Support\samples\xiAPI\xiGenTL_swTrigg.cpp;;;
xiProcSample.cpp;XIMEA;Basic acquisition / image capture;Captures images from a camera, then processes and outputs them offline using xiAPI and xiProcAPI.;10;Cross-Platform;Cross-Platform;xiApiPlus;C++;iostream, m3api, stdio, string, xiApi;2019;Files;\\files\Public\Support\samples\xiAPI\xiProcSample.cpp;;;
xiProcSample_DefectCorr.cpp;XIMEA;Basic acquisition / image capture;Captures images from a camera, applies offline defect correction processing, and saves the processed images.;;Cross-Platform;Cross-Platform;xiApiPlus;C++;iostream, m3api, stdio, string, xiApi;2019;Files;\\files\Public\Support\samples\xiAPI\xiProcSample_DefectCorr.cpp;;;
xiSampleDng_HDRinterleaved.cpp;XIMEA;Basic acquisition / image capture;Captures images with HDR interleaved exposure and saves them as DNG files using XIMEA camera API.;;Cross-Platform;Cross-Platform;xiApiPlus;C++;m3api, memory, stdafx, xiExt, xiapi_dng_store;2017;Files;\\files\Public\Support\samples\xiAPI\xiSampleDng_HDRinterleaved.cpp;;;
xiSample_AddRemoveDefects.cpp;XIMEA;Feature / parameter control;Adds and removes defect pixels from a user-defined defect list on a camera sensor using the XIMEA API.;26;Cross-Platform;Cross-Platform;xiApiPlus;C++;m3api, memory, stdafx, xiApi;2019;Files;\\files\Public\Support\samples\xiAPI\xiSample_AddRemoveDefects.cpp;;;
xiSample_AddRemoveDefects_needXiExt.cpp;XIMEA;Feature / parameter control;This code adds, lists, and removes defect pixels in a camera's user defect list using the XIMEA API.;26;Cross-Platform;Cross-Platform;xiApiPlus;C++;m3api, memory, stdafx, xiApi, xiExt;2019;Files;\\files\Public\Support\samples\xiAPI\xiSample_AddRemoveDefects_needXiExt.cpp;;;
xiSample_Counters.cpp;XIMEA;Basic acquisition / image capture;This code captures images from a camera and retrieves counters for transferred and skipped frames.;;Cross-Platform;Cross-Platform;xiApiPlus;C++;m3api, memory, stdafx, xiApi;2018;Files;\\files\Public\Support\samples\xiAPI\xiSample_Counters.cpp;;;
xiSample_DevManifest.cpp;XIMEA;Firmware / file access / LUT;This code retrieves and saves the camera's device manifest XML to a file named after the camera model.;;Cross-Platform;Cross-Platform;xiApiPlus;C++;m3api, memory, stdafx, xiApi;2018;Files;\\files\Public\Support\samples\xiAPI\xiSample_DevManifest.cpp;;;
xiSample_FFS_MQ.cpp;XIMEA;Firmware / file access / LUT;This code writes, reads, lists, and deletes text files in the camera's Flash File System (FFS).;;Cross-Platform;Cross-Platform;xiApiPlus;C++;m3api, stdafx, xiApi;2022;Files;\\files\Public\Support\samples\xiAPI\xiSample_FFS_MQ.cpp;;;
xiSample_FPGA_ts_reg_read.cpp;XIMEA;Time synchronization / PTP;This code reads FPGA timestamp registers and compares camera and host times over multiple samples.;;Cross-Platform;Cross-Platform;xiApiPlus;C++;m3api, memory, stdafx, time, xiApi;2017;Files;\\files\Public\Support\samples\xiAPI\xiSample_FPGA_ts_reg_read.cpp;;;
xiSample_FPGA_ts_reg_read_MQ.cpp;XIMEA;Chunk / metadata / timestamps;This code reads FPGA timestamp registers from a camera and logs camera and host time measurements to a file.;;Cross-Platform;Cross-Platform;xiApiPlus;C++;m3api, memory, stdafx, time, xiApi;2021;Files;\\files\Public\Support\samples\xiAPI\xiSample_FPGA_ts_reg_read_MQ.cpp;;;
xiSample_GPI.cpp;XIMEA;Trigger / GPIO / I/O / strobe;This code captures 200 images while reading and printing the camera's GPI (General Purpose Input) level.;;Cross-Platform;Cross-Platform;xiApiPlus;C++;m3api, memory, stdafx, xiApi;2017;Files;\\files\Public\Support\samples\xiAPI\xiSample_GPI.cpp;;;
xiSample_GPI_fromImgHeader.cpp;XIMEA;Basic acquisition / image capture;This code captures images from a camera and reads the General Purpose Input (GPI) level from each image header.;;Cross-Platform;Cross-Platform;xiApiPlus;C++;m3api, memory, stdafx, xiApi;2018;Files;\\files\Public\Support\samples\xiAPI\xiSample_GPI_fromImgHeader.cpp;;;
xiSample_HDR_saveImg.cpp;XIMEA;Feature / parameter control;Configures sensor registers to set interleaved and multi-frame exposure times for XIMEA camera device.;;Cross-Platform;Cross-Platform;xiApiPlus;C++;m3api, memory, stdafx, xiApi;2017;Files;\\files\Public\Support\samples\xiAPI\xiSample_HDR_saveImg.cpp;;;
xiSample_IMX661_GS_MEMTR.cpp;XIMEA;Basic acquisition / image capture;This code captures 100 images from a camera and configures sensor registers and exposure settings.;;Cross-Platform;Cross-Platform;xiApiPlus;C++;m3api, memory, stdafx, xiApi;2025;Files;\\files\Public\Support\samples\xiAPI\xiSample_IMX661_GS_MEMTR.cpp;;;
xiSample_ImgMean.cpp;XIMEA;Basic acquisition / image capture;This code captures five images from a camera and calculates the mean pixel value of each image.;25;Cross-Platform;Cross-Platform;xiApiPlus;C++;m3api, memory, stdafx, xiApi;2020;Files;\\files\Public\Support\samples\xiAPI\xiSample_ImgMean.cpp;;;
xiSample_LUT.cpp;XIMEA;Firmware / file access / LUT;This code initializes a camera, sets a descending LUT, captures 100 images, and prints first pixel value each time.;;Cross-Platform;Cross-Platform;xiApiPlus;C++;m3api, memory, stdafx, xiApi;2019;Files;\\files\Public\Support\samples\xiAPI\xiSample_LUT.cpp;;;
xiSample_LineSelLineSource_GenTL.cpp;XIMEA;Feature / parameter control;Sets specific GenTL registers for line selection and line source, then captures 10 images from the camera.;;Cross-Platform;Cross-Platform;xiApiPlus;C++;m3api, memory, stdafx, xiApi;2020;Files;\\files\Public\Support\samples\xiAPI\xiSample_LineSelLineSource_GenTL.cpp;;;
xiSample_MQ_ExpActive.cpp;XIMEA;Feature / parameter control;This code sets a camera's exposure and GPO to exposure active mode, then captures and prints 10 images.;;Cross-Platform;Cross-Platform;xiApiPlus;C++;m3api, memory, stdafx, xiApi;2021;Files;\\files\Public\Support\samples\xiAPI\xiSample_MQ_ExpActive.cpp;;;
xiSample_MU181GPIlevel.cpp;XIMEA;Trigger / GPIO / I/O / strobe;Reads and logs the general purpose input (GPI) level from a camera for 120 samples.;;Cross-Platform;Cross-Platform;xiApiPlus;C++;m3api, memory, stdafx, xiApi;2021;Files;\\files\Public\Support\samples\xiAPI\xiSample_MU181GPIlevel.cpp;;;
xiSample_MU181Loopback.cpp;XIMEA;Trigger / GPIO / I/O / strobe;Reads GPI input levels and toggles GPO output mode on a camera device in a loopback test.;;Cross-Platform;Cross-Platform;xiApiPlus;C++;m3api, memory, stdafx, xiApi;2021;Files;\\files\Public\Support\samples\xiAPI\xiSample_MU181Loopback.cpp;;;
xiSample_MasterSlaveMU.cpp;XIMEA;Multi-camera acquisition;It captures synchronized images from two cameras configured as master and slave using hardware triggers.;;Cross-Platform;Cross-Platform;xiApiPlus;C++;m3api, memory, stdafx, unistd, xiApi;2017;Files;\\files\Public\Support\samples\xiAPI\xiSample_MasterSlaveMU.cpp;;;
xiSample_RAW8.cpp;XIMEA;Basic acquisition / image capture;Captures 10 RAW8 format images from the first connected XIMEA camera and prints the first pixel value of each.;25;Cross-Platform;Cross-Platform;xiApiPlus;C++;m3api, memory, stdafx, xiApi;2018;Files;\\files\Public\Support\samples\xiAPI\xiSample_RAW8.cpp;;;
xiSample_RAW8X2_X4_saveImg.cpp;XIMEA;Save images / video / sequences;Captures 10 images from a camera in different RAW data formats and saves some to raw files.;;Cross-Platform;Cross-Platform;xiApiPlus;C++;m3api, memory, stdafx, xiApi;2018;Files;\\files\Public\Support\samples\xiAPI\xiSample_RAW8X2_X4_saveImg.cpp;;;
xiSample_ROI.cpp;XIMEA;Basic acquisition / image capture;Measures and prints the maximum frame rate and frame loss statistics of a connected camera device.;27;Cross-Platform;Cross-Platform;xiApiPlus;C++;m3api, stdafx, time, xiApi;2021;Files;\\files\Public\Support\samples\xiAPI\xiSample_ROI.cpp;;;
xiSample_ROI_fps.cpp;XIMEA;Basic acquisition / image capture;Measures the maximum frame rate and counts lost or skipped frames during image acquisition from a camera.;;Cross-Platform;Cross-Platform;xiApiPlus;C++;m3api, stdafx, time, xiApi;2020;Files;\\files\Public\Support\samples\xiAPI\xiSample_ROI_fps.cpp;;;
xiSample_SWtrigg.cpp;XIMEA;Basic acquisition / image capture;Captures 25 images using XIMEA API with software triggering and prints their timestamps.;;Cross-Platform;Cross-Platform;xiApiPlus;C++;m3api, memory, stdafx, xiApi;2018;Files;\\files\Public\Support\samples\xiAPI\xiSample_SWtrigg.cpp;;;
xiSample_TriggerDelay.cpp;XIMEA;Basic acquisition / image capture;This sample captures 10 images from a camera and prints the first pixel value of each image.;25;Cross-Platform;Cross-Platform;xiApiPlus;C++;m3api, memory, stdafx, xiApi;2017;Files;\\files\Public\Support\samples\xiAPI\xiSample_TriggerDelay.cpp;;;
xiSample_binning.cpp;XIMEA;Feature / parameter control;Configures camera binning settings and captures multiple images, computing their mean pixel values.;;Cross-Platform;Cross-Platform;xiApiPlus;C++;m3api, memory, stdafx, xiApi;2017;Files;\\files\Public\Support\samples\xiAPI\xiSample_binning.cpp;;;
xiSample_camSimulator.cpp;XIMEA;Basic acquisition / image capture;This sample captures 10 images from a simulated camera and prints the first pixel value of each.;25;Cross-Platform;Cross-Platform;xiApiPlus;C++;m3api, memory, stdafx, xiApi;2021;Files;\\files\Public\Support\samples\xiAPI\xiSample_camSimulator.cpp;;;
xiSample_downsampling.cpp;XIMEA;Basic acquisition / image capture;This code captures an image from a camera, sets downsampling, and writes raw pixel data to a file.;;Cross-Platform;Cross-Platform;xiApiPlus;C++;m3api, memory, stdafx, xiApi;2016;Files;\\files\Public\Support\samples\xiAPI\xiSample_downsampling.cpp;;;
xiSample_downsampling2.cpp;XIMEA;Basic acquisition / image capture;This code captures 10 images using a XIMEA camera with maximum binning downsampling applied.;;Cross-Platform;Cross-Platform;xiApiPlus;C++;m3api, memory, stdafx, xiApi;2017;Files;\\files\Public\Support\samples\xiAPI\xiSample_downsampling2.cpp;;;
xiSample_exposure_line__shutter_line_position.cpp;XIMEA;Feature / parameter control;Sets camera exposure, selects sensor unit, and reads the exposure shutter line position from the device.;;Cross-Platform;Cross-Platform;xiApiPlus;C++;m3api, memory, stdafx, xiApi;2024;Files;\\files\Public\Support\samples\xiAPI\xiSample_exposure_line__shutter_line_position.cpp;;;
xiSample_getCamSN.cpp;XIMEA;Basic acquisition / image capture;This code captures 10 images from a XIMEA camera and prints the first pixel value of each.;25;Cross-Platform;Cross-Platform;xiApiPlus;C++;m3api, memory, stdafx, xiApi;2018;Files;\\files\Public\Support\samples\xiAPI\xiSample_getCamSN.cpp;;;
xiSample_highFPS.cpp;XIMEA;Basic acquisition / image capture;Captures 2500 high-frame-rate raw images from a XIMEA camera and saves them to disk.;;Cross-Platform;Cross-Platform;xiApiPlus;C++;direct, m3api, memory, stdafx, time, xiApi;2016;Files;\\files\Public\Support\samples\xiAPI\xiSample_highFPS.cpp;;;
xiSample_hwTrig_GPIO_MC.cpp;XIMEA;Trigger / GPIO / I/O / strobe;This code configures a XIMEA camera for hardware GPIO triggering and captures 10 images.;19;Cross-Platform;Cross-Platform;xiApiPlus;C++;m3api, memory, stdafx, xiApi;2017;Files;\\files\Public\Support\samples\xiAPI\xiSample_hwTrig_GPIO_MC.cpp;;;
xiSample_hwTrig_MC.cpp;XIMEA;Trigger / GPIO / I/O / strobe;This code captures and processes 10 triggered images from a XIMEA camera using specific exposure and GPIO settings.;19;Cross-Platform;Cross-Platform;xiApiPlus;C++;m3api, memory, stdafx, xiApi;2019;Files;\\files\Public\Support\samples\xiAPI\xiSample_hwTrig_MC.cpp;;;
xiSample_limitBandwOff.cpp;XIMEA;Basic acquisition / image capture;Captures 10 images from a camera with bandwidth limiting disabled and prints first pixel values.;;Cross-Platform;Cross-Platform;xiApiPlus;C++;m3api, memory, stdafx, xiApi;2020;Files;\\files\Public\Support\samples\xiAPI\xiSample_limitBandwOff.cpp;;;
xiSample_linearityTest.cpp;XIMEA;Basic acquisition / image capture;Captures images from a camera at different exposure times and calculates the mean pixel value.;25;Cross-Platform;Cross-Platform;xiApiPlus;C++;m3api, memory, stdafx, xiApi;2021;Files;\\files\Public\Support\samples\xiAPI\xiSample_linearityTest.cpp;;;
xiSample_manifest.cpp;XIMEA;Firmware / file access / LUT;This code opens a XIMEA camera, retrieves its manifest data, and saves it as an XML file.;;Cross-Platform;Cross-Platform;xiApiPlus;C++;m3api, memory, stdafx, xiApi;2018;Files;\\files\Public\Support\samples\xiAPI\xiSample_manifest.cpp;;;
xiSample_maxAcqBuff_buffQueue.cpp;XIMEA;Basic acquisition / image capture;This sample captures and prints information from 10 images using a Xi camera API on Windows.;;Cross-Platform;Cross-Platform;xiApiPlus;C++;m3api, memory, stdafx, xiApi;2022;Files;\\files\Public\Support\samples\xiAPI\xiSample_maxAcqBuff_buffQueue.cpp;;;
xiSample_performance.cpp;XIMEA;Basic acquisition / image capture;Measures and reports the maximum frame rate and frame loss statistics from a connected camera device.;27;Cross-Platform;Cross-Platform;xiApiPlus;C++;m3api, memory, stdafx, time, xiApi;2020;Files;\\files\Public\Support\samples\xiAPI\xiSample_performance.cpp;;;
xiSample_performance_MultiCams_NOTfinished.cpp;XIMEA;Multi-camera acquisition;Measures and reports the maximum achievable frame rate and skipped frames for multiple connected cameras.;;Cross-Platform;Cross-Platform;xiApiPlus;C++;m3api, memory, stdafx, time, xiApi;2022;Files;\\files\Public\Support\samples\xiAPI\xiSample_performance_MultiCams_NOTfinished.cpp;;;
xiSample_performance_ZeroROT_PYTHON.cpp;XIMEA;Basic acquisition / image capture;Measures and reports the maximum achievable frame rate and skipped frames for a camera with Zero Rotation enabled.;;Cross-Platform;Cross-Platform;xiApiPlus;C++;m3api, stdafx, time, xiApi;2017;Files;\\files\Public\Support\samples\xiAPI\xiSample_performance_ZeroROT_PYTHON.cpp;;;
xiSample_readUserDefects_dec1x2.cpp;XIMEA;Feature / parameter control;This code connects to a camera, lists sensor defect pixels, adds a defect pixel, and saves the updated defect list.;26;Cross-Platform;Cross-Platform;xiApiPlus;C++;m3api, memory, stdafx, xiApi, xiExt;2021;Files;\\files\Public\Support\samples\xiAPI\xiSample_readUserDefects_dec1x2.cpp;;;
xiSample_saveImg.cpp;XIMEA;Save images / video / sequences;Captures three grayscale images from a XIMEA camera and saves them as raw files.;5;Cross-Platform;Cross-Platform;xiApiPlus;C++;m3api, memory, stdafx, xiApi;2020;Files;\\files\Public\Support\samples\xiAPI\xiSample_saveImg.cpp;;;
xiSample_saveImgRGBplanar.cpp;XIMEA;Basic acquisition / image capture;Captures one RGB planar image from a camera and saves it as a raw file to disk.;;Cross-Platform;Cross-Platform;xiApiPlus;C++;m3api, memory, stdafx, xiApi;2020;Files;\\files\Public\Support\samples\xiAPI\xiSample_saveImgRGBplanar.cpp;;;
xiSample_saveImg_HDRinterleaved.cpp;XIMEA;Save images / video / sequences;Captures 10 HDR interleaved raw images from a XIMEA camera and saves them as separate raw files.;;Cross-Platform;Cross-Platform;xiApiPlus;C++;m3api, memory, stdafx, xiApi, xiExt;2017;Files;\\files\Public\Support\samples\xiAPI\xiSample_saveImg_HDRinterleaved.cpp;;;
xiSample_saveImg_exp.cpp;XIMEA;Save images / video / sequences;Captures multiple images with increasing exposure from a camera and saves them as raw files.;;Cross-Platform;Cross-Platform;xiApiPlus;C++;m3api, memory, stdafx, xiApi;2020;Files;\\files\Public\Support\samples\xiAPI\xiSample_saveImg_exp.cpp;;;
xiSample_smallROI.cpp;XIMEA;Basic acquisition / image capture;This code captures ten 8x8 pixel images from a camera and prints the first pixel value of each.;25;Cross-Platform;Cross-Platform;xiApiPlus;C++;m3api, memory, stdafx, xiApi;2021;Files;\\files\Public\Support\samples\xiAPI\xiSample_smallROI.cpp;;;
xiSample_synchroMU.cpp;XIMEA;Basic acquisition / image capture;This code captures synchronized images from one or two cameras using software triggers.;;Cross-Platform;Cross-Platform;xiApiPlus;C++;m3api, memory, stdafx, unistd, xiApi;2017;Files;\\files\Public\Support\samples\xiAPI\xiSample_synchroMU.cpp;;;
xiSample_testAllROI.cpp;XIMEA;Basic acquisition / image capture;This code captures 10 images for each region of interest (ROI) size and logs the results.;;Cross-Platform;Cross-Platform;xiApiPlus;C++;m3api, memory, stdafx, xiApi;2021;Files;\\files\Public\Support\samples\xiAPI\xiSample_testAllROI.cpp;;;
xiSample_timestamp.cpp;XIMEA;Basic acquisition / image capture;Captures 10 camera images with timestamps before and after resetting the camera's internal timestamp.;;Cross-Platform;Cross-Platform;xiApiPlus;C++;m3api, memory, stdafx, xiApi;2021;Files;\\files\Public\Support\samples\xiAPI\xiSample_timestamp.cpp;;;
xiSample_timestamp_saveRAW.cpp;XIMEA;Save images / video / sequences;Captures 100 images from a XIMEA camera and saves them as raw files with timestamps.;5;Cross-Platform;Cross-Platform;xiApiPlus;C++;fstream, m3api, memory, stdafx, xiApi;2018;Files;\\files\Public\Support\samples\xiAPI\xiSample_timestamp_saveRAW.cpp;;;
Program_AEAGROI.cs;XIMEA;Basic acquisition / image capture;This code captures and saves a series of monochrome images using AEAG region settings from a connected camera.;;Windows;Cross-Platform;xiApiNET;C#;System, xiApi;2018;Files;\\files\Public\Support\samples\xiApiNET\Program_AEAGROI.cs;;;
Program_ROI_2.cs;XIMEA;Basic acquisition / image capture;This code configures a camera, captures a series of 1000 region-of-interest images, and checks for all-zero image buffers.;;Windows;Cross-Platform;xiApiNET;C#;System, xiApi;2021;Files;\\files\Public\Support\samples\xiApiNET\Program_ROI_2.cs;;;
Program_measureBandwidth.cs;XIMEA;Feature / parameter control;Measures and displays the available bandwidth of a connected camera device multiple times.;;Windows;Cross-Platform;xiApiNET;C#;System, xiApi;2022;Files;\\files\Public\Support\samples\xiApiNET\Program_measureBandwidth.cs;;;
Program_offlineProc_memTests.cs;XIMEA;Basic acquisition / image capture;Captures images from a camera, processes them offline, and saves the processed images as PNG files.;10;Windows;Cross-Platform;xiApiNET;C#;System, xiApi;2017;Files;\\files\Public\Support\samples\xiApiNET\Program_offlineProc_memTests.cs;;;
Program_save16bit_Img.cs;XIMEA;Save images / video / sequences;Captures 16-bit raw grayscale images from a camera and saves them as raw files in a directory.;5;Windows;Cross-Platform;xiApiNET;C#;System, xiApi;2018;Files;\\files\Public\Support\samples\xiApiNET\Program_save16bit_Img.cs;;;
Program_save16bit_TIF.cs;XIMEA;Save images / video / sequences;Captures monochrome 16-bit images from a connected camera and saves them as TIFF files.;5;Windows;Cross-Platform;xiApiNET;C#;System, xiApi;2019;Files;\\files\Public\Support\samples\xiApiNET\Program_save16bit_TIF.cs;;;
Program_savePNG.cs;XIMEA;Save images / video / sequences;Captures and saves a series of grayscale images from a connected camera device as PNG files.;;Windows;Cross-Platform;xiApiNET;C#;System, xiApi;2019;Files;\\files\Public\Support\samples\xiApiNET\Program_savePNG.cs;;;
Program_saveRGB24_safeBP.cs;XIMEA;Save images / video / sequences;Captures color images from a camera and saves them as RGB 24-bit PNG files using safe buffer policy.;;Windows;Cross-Platform;xiApiNET;C#;System, xiApi;2018;Files;\\files\Public\Support\samples\xiApiNET\Program_saveRGB24_safeBP.cs;;;
Program_saving_16bit_raw.cs;XIMEA;Save images / video / sequences;This code captures 16-bit monochrome images from a camera and saves them as raw files.;5;Windows;Cross-Platform;xiApiNET;C#;System, xiApi;2017;Files;\\files\Public\Support\samples\xiApiNET\Program_saving_16bit_raw.cs;;;
Program_test.cs;XIMEA;Basic acquisition / image capture;Captures images from a connected camera using various buffer policies and saves them in multiple formats.;;Windows;Cross-Platform;xiApiNET;C#;System, xiApi;2019;Files;\\files\Public\Support\samples\xiApiNET\Program_test.cs;;;
offline_process_netcore.cs;XIMEA;Basic acquisition / image capture;Captures 10 raw images from a camera, processes them offline, and saves processed data.;10;Windows;Cross-Platform;xiApiNET;C#;System, xiApi;2021;Files;\\files\Public\Support\samples\xiApiNET\offline_process_netcore.cs;;;
FFC_openCV.cpp;XIMEA;Flat-field / shading / calibration correction;This code captures images from a camera and toggles flat field correction on key press.;;Cross-Platform;Cross-Platform;xiApiPlus;C++;stdio, xiApiPlusOcv;2016;Files;\\files\Public\Support\samples\xiApiPlusOpenCV\FFC_openCV.cpp;;;
FFCdemoWithOpenCV.cpp;XIMEA;Flat-field / shading / calibration correction;This code toggles Flat Field Correction on a camera by pressing any key during live image capture.;;Cross-Platform;Cross-Platform;xiApiPlus;C++;stdio, xiApiPlusOcv;2016;Files;\\files\Public\Support\samples\xiApiPlusOpenCV\FFCdemoWithOpenCV.cpp;;;
xiApiPlusOcvExample_DefectCorrEnable.cpp;XIMEA;GUI / live viewer / display;This code captures live images from a camera and toggles sensor defect correction on key press.;;Cross-Platform;Cross-Platform;xiApiPlus;C++;stdio, xiApiPlusOcv;2019;Files;\\files\Public\Support\samples\xiApiPlusOpenCV\xiApiPlusOcvExample_DefectCorrEnable.cpp;;;
xiApiPlusOcvExample_FrameBurst.cpp;XIMEA;Basic acquisition / image capture;Captures and saves a burst of 50 images from the first camera using software triggering.;28;Cross-Platform;Cross-Platform;xiApiPlus;C++;stdio, xiApiPlusOcv;2018;Files;\\files\Public\Support\samples\xiApiPlusOpenCV\xiApiPlusOcvExample_FrameBurst.cpp;;;
xiApiPlusOcvExample_LUTrange_MQ.cpp;XIMEA;Basic acquisition / image capture;This code captures camera images and applies a custom inverse lookup table (LUT) to modify pixel values.;;Cross-Platform;Cross-Platform;xiApiPlus;C++;iostream, stdio, xiApiPlusOcv;2018;Files;\\files\Public\Support\samples\xiApiPlusOpenCV\xiApiPlusOcvExample_LUTrange_MQ.cpp;;;
xiApiPlusOcvExample_MultipleExp_SWtrigg.cpp;XIMEA;Basic acquisition / image capture;Captures 50 images from the first camera using software triggering and varying exposure times.;28;Cross-Platform;Cross-Platform;xiApiPlus;C++;iostream, xiApiPlusOcv;2019;Files;\\files\Public\Support\samples\xiApiPlusOpenCV\xiApiPlusOcvExample_MultipleExp_SWtrigg.cpp;;;
xiApiPlusOcvExample_OfflineProc.cpp;XIMEA;Basic acquisition / image capture;Captures 100 raw images from the first camera, processes them offline, and displays the processed images.;10;Cross-Platform;Cross-Platform;xiApiPlus;C++;stdio, xiApiPlusOcv;2017;Files;\\files\Public\Support\samples\xiApiPlusOpenCV\xiApiPlusOcvExample_OfflineProc.cpp;;;
xiApiPlusOcvExample_RAW16X2.cpp;XIMEA;Basic acquisition / image capture;Captures 150 images from the first camera, sets RAW16X2 format, and displays pixel values and images.;;Cross-Platform;Cross-Platform;xiApiPlus;C++;iostream, xiApiPlusOcv;2019;Files;\\files\Public\Support\samples\xiApiPlusOpenCV\xiApiPlusOcvExample_RAW16X2.cpp;;;
xiApiPlusOcvExample_ROI_16bitMode.cpp;XIMEA;Basic acquisition / image capture;Captures and displays 16-bit mode images from a XIMEA camera with ROI adjustments and pixel value normalization.;;Cross-Platform;Cross-Platform;xiApiPlus;C++;iostream, stdio, xiApiPlusOcv;2017;Files;\\files\Public\Support\samples\xiApiPlusOpenCV\xiApiPlusOcvExample_ROI_16bitMode.cpp;;;
xiApiPlusOcvExample_SWtrig.cpp;XIMEA;Basic acquisition / image capture;Captures and displays 40 images from the first camera using software-triggered acquisition with OpenCV.;;Cross-Platform;Cross-Platform;xiApiPlus;C++;stdio, xiApiPlusOcv;2018;Files;\\files\Public\Support\samples\xiApiPlusOpenCV\xiApiPlusOcvExample_SWtrig.cpp;;;
xiApiPlusOcv_DNGstore.cpp;XIMEA;Save images / video / sequences;This sample captures an image from a XIMEA camera and saves it as a DNG file with metadata.;;Cross-Platform;Cross-Platform;xiApiPlus;C++;iostream, m3api, memory, xiApiPlusOcv, xiapi_dng_store;2019;Files;\\files\Public\Support\samples\xiApiPlusOpenCV\xiApiPlusOcv_DNGstore.cpp;;;
xiApiPlusOcv_OfflineProc.cpp;XIMEA;Basic acquisition / image capture;Captures 100 images from the first camera, processes them offline, and displays each using OpenCV.;10;Cross-Platform;Cross-Platform;xiApiPlus;C++;stdio, xiApiPlusOcv;2019;Files;\\files\Public\Support\samples\xiApiPlusOpenCV\xiApiPlusOcv_OfflineProc.cpp;;;
